epoch,step,loss
1,196,0.3827794669005944
2,392,0.0709886439524743
3,588,0.05230350252621028
4,784,0.04692194841764107
5,980,0.04356537545479986
6,1176,0.04183215491131556
7,1372,0.04051175518721646
8,1568,0.03928273127471306
9,1764,0.03797031842096119
