{
  "dataset": "cifar10",
  "alpha": 0.01,
  "mode": "eps",
  "K": 4,
  "M": 2,
  "metrics": {
    "auc": 0.5003305568,
    "tpr_at": {
      "0.01": 0.0108,
      "0.001": 0.00192
    },
    "calibrated": {
      "0.01": {
        "threshold": -0.01040622778236866,
        "fpr": 0.00992,
        "tpr": 0.0108
      },
      "0.001": {
        "threshold": -0.008663790300488472,
        "fpr": 0.00096,
        "tpr": 0.00192
      }
    },
    "bootstrap": {
      "auc": {
        "mean": 0.5002723362795989,
        "std": 0.003264239977912309,
        "ci_low": 0.49367755495430765,
        "ci_high": 0.505836166706573
      },
      "tpr@0.01": {
        "mean": 0.010696742399803276,
        "std": 0.0011887914748787884,
        "ci_low": 0.008330468616962535,
        "ci_high": 0.013411343492118937
      },
      "tpr@0.001": {
        "mean": 0.002032995077065592,
        "std": 0.0005402104866769338,
        "ci_low": 0.0012061664376768991,
        "ci_high": 0.003231961213361417
      }
    }
  }
}