{
  "dataset": "cifar10",
  "alpha": 0.01,
  "mode": "x0",
  "K": 4,
  "M": 16,
  "metrics": {
    "auc": 0.4947894048,
    "tpr_at": {
      "0.01": 0.01128,
      "0.001": 0.00168
    },
    "calibrated": {
      "0.01": {
        "threshold": -0.017521027475595474,
        "fpr": 0.00992,
        "tpr": 0.0112
      },
      "0.001": {
        "threshold": -0.012637646868824959,
        "fpr": 0.00096,
        "tpr": 0.00168
      }
    },
    "bootstrap": {
      "auc": {
        "mean": 0.4943941904706684,
        "std": 0.0036183790482653354,
        "ci_low": 0.4869411288804744,
        "ci_high": 0.5009272599080133
      },
      "tpr@0.01": {
        "mean": 0.011376093965914784,
        "std": 0.001303345971646744,
        "ci_low": 0.009065418031982476,
        "ci_high": 0.013966256114993855
      },
      "tpr@0.001": {
        "mean": 0.0015690943278898353,
        "std": 0.0005068508346927308,
        "ci_low": 0.0006409981370476033,
        "ci_high": 0.0025432307035844347
      }
    }
  }
}