{
  "dataset": "cifar10",
  "alpha": 0.01,
  "mode": "eps",
  "K": 4,
  "M": 16,
  "metrics": {
    "auc": 0.5040074144,
    "tpr_at": {
      "0.01": 0.01112,
      "0.001": 0.00144
    },
    "calibrated": {
      "0.01": {
        "threshold": -0.002183853182941675,
        "fpr": 0.00992,
        "tpr": 0.01112
      },
      "0.001": {
        "threshold": -0.0007263212464749813,
        "fpr": 0.00096,
        "tpr": 0.00144
      }
    },
    "bootstrap": {
      "auc": {
        "mean": 0.5037389595919977,
        "std": 0.0032831416306848557,
        "ci_low": 0.49683396698701254,
        "ci_high": 0.5098208688402125
      },
      "tpr@0.01": {
        "mean": 0.010915728654679718,
        "std": 0.0011898153646161024,
        "ci_low": 0.008473849889136121,
        "ci_high": 0.013160183075039142
      },
      "tpr@0.001": {
        "mean": 0.001605539827462016,
        "std": 0.0006805721824283392,
        "ci_low": 0.00048176519248997117,
        "ci_high": 0.002907111117300458
      }
    }
  }
}