epoch,step,loss
1,1563,0.07529576790297997
2,3126,0.05755855589991844
